index,file_name,id,class_code,method,missing,common_available,tp,fp,fn,iou,dice,precision,recall,boundary_f1
0,civil_001090_DJI_20240802073149_0238_V_0.jpg,1,R,opencv,False,True,22587,7085,3517,0.6805568109915936,0.8099182444061962,0.7612227015368024,0.8652696904688937,0.36656176693459386
0,civil_001090_DJI_20240802073149_0238_V_0.jpg,1,R,image25,False,True,16943,2019,9161,0.6024606194218256,0.7519194070918209,0.8935238898850332,0.6490576156910818,0.6335015067388228
0,civil_001090_DJI_20240802073149_0238_V_0.jpg,1,R,hybrid,False,True,17546,1254,8558,0.6413480517581694,0.7814893996080527,0.9332978723404255,0.6721575237511492,0.44189761224675905
1,civil_001250_DJI_20240802070758_0022_V_2.jpg,1,D,opencv,False,True,49359,79176,5428,0.368452483148332,0.538495106970249,0.3840121367720854,0.900925402011426,0.4446042382293375
1,civil_001250_DJI_20240802070758_0022_V_2.jpg,1,D,image25,False,True,42730,7571,12057,0.685236858141698,0.813223203410475,0.8494860937158307,0.7799295453300965,0.8412664309137662
1,civil_001250_DJI_20240802070758_0022_V_2.jpg,1,D,hybrid,False,True,40376,9893,14411,0.6242424242424243,0.7686567164179104,0.803198790507072,0.7369631481920894,0.6532839366011274
1,civil_001250_DJI_20240802070758_0022_V_2.jpg,2,D,opencv,False,True,34359,28124,5889,0.5025302755513953,0.6689120129269646,0.549893571051326,0.8536821705426356,0.5282953899359889
1,civil_001250_DJI_20240802070758_0022_V_2.jpg,2,D,image25,False,True,3656,8438,36592,0.0750934560243191,0.13969661075235948,0.30229866049280635,0.09083681176704432,0.5383515193445566
1,civil_001250_DJI_20240802070758_0022_V_2.jpg,2,D,hybrid,False,True,2898,8430,37350,0.059534081104400345,0.11237785016286644,0.2558262711864407,0.0720035778175313,0.3343589187232736
2,civil_001486_DJI_20230802074612_0171_V_2.jpg,1,D,opencv,False,True,43517,46495,3444,0.4656415853449752,0.635409898301125,0.48345776118739725,0.9266625497753455,0.5713563407042954
2,civil_001486_DJI_20230802074612_0171_V_2.jpg,1,D,image25,False,True,9909,12369,37052,0.16701500084274398,0.2862259709123471,0.444788580662537,0.21100487638678903,0.47603704903051497
2,civil_001486_DJI_20230802074612_0171_V_2.jpg,1,D,hybrid,False,True,21824,18018,25137,0.33586235553024824,0.5028397636026405,0.5477636664826063,0.4647260492749303,0.1362780049343001
2,civil_001486_DJI_20230802074612_0171_V_2.jpg,2,V,opencv,False,True,8960,8278,249,0.5123806256075942,0.6775815782508413,0.5197818772479406,0.9729612335758497,0.36253649138859256
2,civil_001486_DJI_20230802074612_0171_V_2.jpg,2,V,image25,False,True,8686,1088,523,0.8435466640769156,0.9151345941105199,0.8886842643748721,0.9432077315669454,0.858592759181466
2,civil_001486_DJI_20230802074612_0171_V_2.jpg,2,V,hybrid,False,True,8776,1329,433,0.832795596887455,0.9087708398053226,0.8684809500247402,0.95298077967206,0.7718674475335523
3,civil_001596_DJI_20240716121153_1349_V_0.jpg,1,V,opencv,False,True,5749,170,569,0.8860974106041923,0.9396093813843263,0.9712789322520696,0.9099398543842988,0.9636482091893063
3,civil_001596_DJI_20240716121153_1349_V_0.jpg,1,V,image25,False,True,4924,1094,1394,0.664328116567728,0.7983138780804151,0.8182120305749419,0.779360557138335,0.9294749705880769
3,civil_001596_DJI_20240716121153_1349_V_0.jpg,1,V,hybrid,False,True,5441,698,877,0.7755131128848347,0.8735650638195392,0.886300700439811,0.861190250079139,0.6137271552352858
3,civil_001596_DJI_20240716121153_1349_V_0.jpg,3,D,opencv,False,True,3075,3322,2387,0.350068306010929,0.518593473311409,0.48069407534781927,0.5629805931893079,0.7904740116657868
3,civil_001596_DJI_20240716121153_1349_V_0.jpg,3,D,image25,False,True,1681,2044,3781,0.22395416999733547,0.36595188853815175,0.4512751677852349,0.30776272427682166,0.6340828353963812
3,civil_001596_DJI_20240716121153_1349_V_0.jpg,3,D,hybrid,False,True,1681,2044,3781,0.22395416999733547,0.36595188853815175,0.4512751677852349,0.30776272427682166,0.6340828353963812
4,civil_001790_DJI_20240802075055_0076_V_22.jpg,1,P,opencv,False,True,6195,49062,11566,0.09270760067641381,0.16968418746062613,0.11211249253488245,0.3487979280445921,0.20438665812250306
4,civil_001790_DJI_20240802075055_0076_V_22.jpg,1,P,image25,False,True,9914,5062,7847,0.4343863646321693,0.605675535327,0.6619925213675214,0.5581892911435167,0.27822827379074616
4,civil_001790_DJI_20240802075055_0076_V_22.jpg,1,P,hybrid,False,True,11361,4726,6400,0.5052252412505003,0.6712952020798866,0.7062224156150929,0.6396599290580486,0.3604647530911269
5,civil_002357_DJI_20240821091230_0262_V_0.jpg,1,C,opencv,False,True,4746,899,836,0.732294399012498,0.8454618330809656,0.8407440212577503,0.8502328914367611,0.9244412736607936
5,civil_002357_DJI_20240821091230_0262_V_0.jpg,1,C,image25,False,True,3137,721,2445,0.49769950817071235,0.6646186440677966,0.8131156039398653,0.5619849516302401,0.7876684724844079
5,civil_002357_DJI_20240821091230_0262_V_0.jpg,1,C,hybrid,False,True,2506,98,3076,0.44119718309859157,0.6122648424138774,0.9623655913978495,0.4489430311716231,0.7352306312888122
5,civil_002357_DJI_20240821091230_0262_V_0.jpg,2,S,opencv,False,True,2597,2072,103,0.5442162615255658,0.7048446193513367,0.5562218890554723,0.9618518518518518,0.3960612994937938
5,civil_002357_DJI_20240821091230_0262_V_0.jpg,2,S,image25,False,True,64,656,2636,0.01907032181168057,0.03742690058479532,0.08888888888888889,0.023703703703703703,0.193143120887533
5,civil_002357_DJI_20240821091230_0262_V_0.jpg,2,S,hybrid,False,True,8,458,2692,0.00253324889170361,0.00505369551484523,0.017167381974248927,0.002962962962962963,0.03360106108613956
5,civil_002357_DJI_20240821091230_0262_V_0.jpg,3,S,opencv,False,True,1226,3829,103,0.23768902675455603,0.3840852130325815,0.24253214638971315,0.9224981188863808,0.24829243983232202
5,civil_002357_DJI_20240821091230_0262_V_0.jpg,3,S,image25,False,True,489,1726,840,0.16006546644844516,0.27595936794582393,0.22076749435665916,0.36794582392776526,0.3689339897518336
5,civil_002357_DJI_20240821091230_0262_V_0.jpg,3,S,hybrid,False,True,621,1688,708,0.20583360954590654,0.34139637163276526,0.2689475963620615,0.4672686230248307,0.3026527114569971
6,civil_002484_DJI_20240621111104_0058_V_3.jpg,1,P,opencv,False,True,10233,16811,401,0.3728548005101111,0.5431816975423324,0.37838337524034904,0.9622907654692496,0.4849392499075524
6,civil_002484_DJI_20240621111104_0058_V_3.jpg,1,P,image25,False,True,10245,502,389,0.919989224137931,0.9583274870211871,0.9532892900344282,0.9634192213654317,0.9353121525555069
6,civil_002484_DJI_20240621111104_0058_V_3.jpg,1,P,hybrid,False,True,10004,629,630,0.8882180591316701,0.940800300935722,0.9408445405812095,0.940756065450442,0.8988861666378979
7,civil_002621_DJI_20240624094533_0266_V_13.jpg,1,C,opencv,False,True,481,2235,170,0.16666666666666666,0.2857142857142857,0.17709867452135494,0.738863287250384,0.44234010111548033
7,civil_002621_DJI_20240624094533_0266_V_13.jpg,1,C,image25,False,True,108,321,543,0.1111111111111111,0.2,0.2517482517482518,0.16589861751152074,0.4541241890639481
7,civil_002621_DJI_20240624094533_0266_V_13.jpg,1,C,hybrid,False,True,272,13,379,0.40963855421686746,0.5811965811965812,0.9543859649122807,0.41781874039938555,0.7513406180516746
7,civil_002621_DJI_20240624094533_0266_V_13.jpg,2,S,opencv,False,True,145,12,201,0.40502793296089384,0.5765407554671969,0.9235668789808917,0.4190751445086705,0.6649507948523846
7,civil_002621_DJI_20240624094533_0266_V_13.jpg,2,S,image25,False,True,297,40,49,0.7694300518134715,0.8696925329428989,0.8813056379821959,0.8583815028901735,0.9635627530364372
7,civil_002621_DJI_20240624094533_0266_V_13.jpg,2,S,hybrid,False,True,273,10,73,0.7668539325842697,0.8680445151033387,0.9646643109540636,0.7890173410404624,0.922429017796495
7,civil_002621_DJI_20240624094533_0266_V_13.jpg,3,T,opencv,False,True,62,17,26,0.5904761904761905,0.7425149700598802,0.7848101265822784,0.7045454545454546,0.8380952380952381
7,civil_002621_DJI_20240624094533_0266_V_13.jpg,3,T,image25,False,True,57,36,31,0.4596774193548387,0.6298342541436464,0.6129032258064516,0.6477272727272727,0.9448818897637795
7,civil_002621_DJI_20240624094533_0266_V_13.jpg,3,T,hybrid,False,True,45,1,43,0.5056179775280899,0.6716417910447762,0.9782608695652174,0.5113636363636364,0.7551020408163265
7,civil_002621_DJI_20240624094533_0266_V_13.jpg,4,D,opencv,False,True,131,462,182,0.16903225806451613,0.2891832229580574,0.2209106239460371,0.4185303514376997,0.6716413793103447
7,civil_002621_DJI_20240624094533_0266_V_13.jpg,4,D,image25,False,True,84,243,229,0.1510791366906475,0.2625,0.25688073394495414,0.268370607028754,0.5955241072897811
7,civil_002621_DJI_20240624094533_0266_V_13.jpg,4,D,hybrid,False,True,72,109,241,0.17061611374407584,0.291497975708502,0.39779005524861877,0.23003194888178913,0.5351521511017838
8,civil_002711_DJI_20240624112525_0581_V_3.jpg,1,M,opencv,False,True,4122,84762,7897,0.042591004432688234,0.08170222887327433,0.04637505062778453,0.3429569847741077,0.20486314453008087
8,civil_002711_DJI_20240624112525_0581_V_3.jpg,1,M,image25,False,True,2018,20488,10001,0.06207893684437198,0.11690079652425778,0.08966497822802807,0.16790082369581497,0.25401789090184584
8,civil_002711_DJI_20240624112525_0581_V_3.jpg,1,M,hybrid,False,True,2018,20488,10001,0.06207893684437198,0.11690079652425778,0.08966497822802807,0.16790082369581497,0.25401789090184584
9,civil_003065_DJI_20240808110906_0272_V_10.jpg,1,T,opencv,False,True,5860,23744,820,0.19261109650276098,0.32300738617572483,0.19794622348331306,0.8772455089820359,0.19989893987852855
9,civil_003065_DJI_20240808110906_0272_V_10.jpg,1,T,image25,False,True,2370,1541,4310,0.28828609658192433,0.4475498064394297,0.605983124520583,0.35479041916167664,0.5643781392874877
9,civil_003065_DJI_20240808110906_0272_V_10.jpg,1,T,hybrid,False,True,2430,535,4250,0.3367983367983368,0.5038880248833593,0.8195615514333895,0.36377245508982037,0.26572910888504586
10,civil_003293_DJI_20240429094033_0178_V_0.jpg,1,D,opencv,False,True,1988,20441,4717,0.07323362558019597,0.13647284959154252,0.08863524900798074,0.2964951528709918,0.339183685892077
10,civil_003293_DJI_20240429094033_0178_V_0.jpg,1,D,image25,False,True,5785,942,920,0.7565058192755328,0.8613758189398452,0.8599672959714583,0.8627889634601044,0.7170422009212
10,civil_003293_DJI_20240429094033_0178_V_0.jpg,1,D,hybrid,False,True,6208,898,497,0.8165197948178351,0.89899355586127,0.8736279200675485,0.9258762117822521,0.7152387219851968
11,civil_003385_DJI_20230830092039_0013_V_1.jpg,1,S,opencv,False,True,9060,69476,0,0.11536110828155241,0.20685876067400338,0.11536110828155241,1.0,0.0
11,civil_003385_DJI_20230830092039_0013_V_1.jpg,1,S,image25,False,True,4184,7010,4876,0.260360920970753,0.41315295744050556,0.37377166339110235,0.4618101545253863,0.4052125886754163
11,civil_003385_DJI_20230830092039_0013_V_1.jpg,1,S,hybrid,False,True,6331,9590,2729,0.3394638069705094,0.5068652175653496,0.3976509013252936,0.6987858719646799,0.3402441171210122
12,civil_003585_DJI_20240709110337_0005_V_0.jpg,1,R,opencv,False,True,1365,11601,403,0.10210187747774703,0.18528573367720919,0.1052753354928274,0.7720588235294118,0.2791769161688337
12,civil_003585_DJI_20240709110337_0005_V_0.jpg,1,R,image25,False,True,899,381,869,0.4183341088878548,0.5898950131233596,0.70234375,0.5084841628959276,0.6928966177244001
12,civil_003585_DJI_20240709110337_0005_V_0.jpg,1,R,hybrid,False,True,1276,713,492,0.5143087464731962,0.6792653713068938,0.6415284062342886,0.7217194570135747,0.6656067960432838
13,civil_003656_DJI_20240528105657_0529_V_4.jpg,1,M,opencv,False,True,1416,26632,2108,0.0469558296856347,0.08969973394146712,0.05048488305761552,0.4018161180476731,0.21623600147593564
13,civil_003656_DJI_20240528105657_0529_V_4.jpg,1,M,image25,False,True,502,1900,3022,0.09255162241887906,0.16942288221397234,0.208992506244796,0.1424517593643587,0.45073619691032657
13,civil_003656_DJI_20240528105657_0529_V_4.jpg,1,M,hybrid,False,True,637,3407,2887,0.09190592988024816,0.16834038054968287,0.15751730959446092,0.1807604994324631,0.3523246770491492
13,civil_003656_DJI_20240528105657_0529_V_4.jpg,2,T,opencv,False,True,1338,3430,2165,0.19299004759844224,0.32354007979688065,0.28062080536912754,0.3819583214387668,0.32188164012370357
13,civil_003656_DJI_20240528105657_0529_V_4.jpg,2,T,image25,False,True,408,1817,3095,0.07669172932330827,0.1424581005586592,0.18337078651685393,0.11647159577504995,0.3453279434039877
13,civil_003656_DJI_20240528105657_0529_V_4.jpg,2,T,hybrid,False,True,196,839,3307,0.04514048825426071,0.08638166593212869,0.18937198067632852,0.05595204110762204,0.10002778549597112
13,civil_003656_DJI_20240528105657_0529_V_4.jpg,3,T,opencv,False,True,422,690,323,0.2940766550522648,0.4544964997307485,0.37949640287769787,0.5664429530201343,0.5755802854544025
13,civil_003656_DJI_20240528105657_0529_V_4.jpg,3,T,image25,False,True,169,345,576,0.15504587155963304,0.26846703733121524,0.32879377431906615,0.22684563758389262,0.7045064449904083
13,civil_003656_DJI_20240528105657_0529_V_4.jpg,3,T,hybrid,False,True,169,345,576,0.15504587155963304,0.26846703733121524,0.32879377431906615,0.22684563758389262,0.7045064449904083
14,civil_004617_DJI_20240624110822_0050_V_12.jpg,1,P,opencv,False,True,24427,3830,3869,0.7603498723775135,0.8638622177426485,0.8644583642991117,0.8632668928470455,0.3424114583876692
14,civil_004617_DJI_20240624110822_0050_V_12.jpg,1,P,image25,False,True,23304,3021,4992,0.7441325797490181,0.8532981820179052,0.8852421652421653,0.823579304495335,0.39438488219531936
14,civil_004617_DJI_20240624110822_0050_V_12.jpg,1,P,hybrid,False,True,23856,2359,4440,0.7782091012885337,0.8752728807029774,0.9100133511348465,0.8430873621713316,0.40030875779740305
14,civil_004617_DJI_20240624110822_0050_V_12.jpg,2,C,opencv,False,True,1397,7052,895,0.14950770547945205,0.26012475560934734,0.1653450112439342,0.6095113438045375,0.2970725613188553
14,civil_004617_DJI_20240624110822_0050_V_12.jpg,2,C,image25,False,True,488,872,1804,0.15423514538558786,0.2672508214676889,0.3588235294117647,0.21291448516579406,0.548208438798969
14,civil_004617_DJI_20240624110822_0050_V_12.jpg,2,C,hybrid,False,True,958,1230,1334,0.2720045428733674,0.4276785714285714,0.43784277879341865,0.4179755671902269,0.5467458233100131
14,civil_004617_DJI_20240624110822_0050_V_12.jpg,3,C,opencv,False,True,419,433,2746,0.11645358532518066,0.20861339307941248,0.49178403755868544,0.13238546603475512,0.473245075717415
14,civil_004617_DJI_20240624110822_0050_V_12.jpg,3,C,image25,False,True,302,292,2863,0.08735898177610645,0.16068103218941207,0.5084175084175084,0.09541864139020537,0.4542848040777318
14,civil_004617_DJI_20240624110822_0050_V_12.jpg,3,C,hybrid,False,True,672,597,2493,0.17862838915470494,0.30311231393775373,0.5295508274231678,0.2123222748815166,0.54062263460577
14,civil_004617_DJI_20240624110822_0050_V_12.jpg,4,T,opencv,False,True,206,37,35,0.7410071942446043,0.8512396694214877,0.8477366255144033,0.8547717842323651,0.9527896995708155
14,civil_004617_DJI_20240624110822_0050_V_12.jpg,4,T,image25,False,True,235,110,6,0.6695156695156695,0.8020477815699659,0.6811594202898551,0.975103734439834,0.9398378415207468
14,civil_004617_DJI_20240624110822_0050_V_12.jpg,4,T,hybrid,False,True,226,100,15,0.6627565982404692,0.7971781305114638,0.6932515337423313,0.9377593360995851,0.8613928329952671
15,civil_004688_DJI_20240624094746_0399_V_2.jpg,1,T,opencv,False,True,12772,3993,290,0.7488712987393726,0.8564052703925973,0.7618252311362959,0.9777981932322768,0.22359747073859812
15,civil_004688_DJI_20240624094746_0399_V_2.jpg,1,T,image25,False,True,11717,976,1345,0.8346630574155862,0.9098815763929334,0.9231072244544237,0.8970295513703874,0.6831636358319241
15,civil_004688_DJI_20240624094746_0399_V_2.jpg,1,T,hybrid,False,True,11953,1041,1109,0.8475501666312132,0.9174854160270187,0.9198861012775127,0.9150972286020518,0.6053813285106692
15,civil_004688_DJI_20240624094746_0399_V_2.jpg,2,T,opencv,False,True,21878,18557,6564,0.46549926594182855,0.6352773785153244,0.5410659082478051,0.7692145418746924,0.1872147924971601
15,civil_004688_DJI_20240624094746_0399_V_2.jpg,2,T,image25,False,True,10562,12266,17880,0.2594576004716518,0.41201482348351864,0.4626774137024707,0.37135222558188596,0.33792965181652385
15,civil_004688_DJI_20240624094746_0399_V_2.jpg,2,T,hybrid,False,True,20266,13702,8176,0.4808750949126803,0.6494472039737221,0.5966203485633538,0.7125377962168624,0.1715448111879517
15,civil_004688_DJI_20240624094746_0399_V_2.jpg,3,T,opencv,False,True,3514,3022,705,0.48529208672835245,0.6534635053463506,0.5376376988984088,0.8328987911827447,0.2907745175786413
15,civil_004688_DJI_20240624094746_0399_V_2.jpg,3,T,image25,False,True,3281,1490,938,0.5747066036083377,0.7299221357063403,0.6876964996856005,0.77767243422612,0.667381458557323
15,civil_004688_DJI_20240624094746_0399_V_2.jpg,3,T,hybrid,False,True,3084,854,1135,0.6079243051448847,0.756160353070982,0.7831386490604367,0.7309789049537805,0.5614614637087592
15,civil_004688_DJI_20240624094746_0399_V_2.jpg,4,T,opencv,False,True,332,536,197,0.3117370892018779,0.4753042233357194,0.3824884792626728,0.6275992438563327,0.3227074504023094
15,civil_004688_DJI_20240624094746_0399_V_2.jpg,4,T,image25,False,True,222,623,307,0.19270833333333334,0.3231441048034934,0.26272189349112424,0.41965973534971646,0.3572901871178905
15,civil_004688_DJI_20240624094746_0399_V_2.jpg,4,T,hybrid,False,True,268,230,261,0.3530961791831357,0.5219084712755598,0.5381526104417671,0.5066162570888468,0.335462071295827
15,civil_004688_DJI_20240624094746_0399_V_2.jpg,5,C,opencv,False,True,100,3756,708,0.021910604732690624,0.04288164665523156,0.025933609958506226,0.12376237623762376,0.10138522672410591
15,civil_004688_DJI_20240624094746_0399_V_2.jpg,5,C,image25,False,True,30,382,778,0.025210084033613446,0.04918032786885246,0.07281553398058252,0.03712871287128713,0.18909090909090912
15,civil_004688_DJI_20240624094746_0399_V_2.jpg,5,C,hybrid,False,True,35,431,773,0.02824858757062147,0.054945054945054944,0.07510729613733906,0.043316831683168314,0.12091075634650615
15,civil_004688_DJI_20240624094746_0399_V_2.jpg,6,C,opencv,False,True,4,165,71,0.016666666666666666,0.03278688524590164,0.023668639053254437,0.05333333333333334,0.33716394306800207
15,civil_004688_DJI_20240624094746_0399_V_2.jpg,6,C,image25,False,True,16,46,59,0.1322314049586777,0.23357664233576642,0.25806451612903225,0.21333333333333335,0.7601809954751131
15,civil_004688_DJI_20240624094746_0399_V_2.jpg,6,C,hybrid,False,True,2,115,73,0.010526315789473684,0.020833333333333332,0.017094017094017096,0.02666666666666667,0.4103671706263499
16,civil_004768_DJI_20240624111853_0248_V_11.jpg,1,P,opencv,False,True,16198,3601,484,0.7985998126509886,0.8880239028535402,0.8181221273801708,0.9709866922431363,0.5216053112052881
16,civil_004768_DJI_20240624111853_0248_V_11.jpg,1,P,image25,False,True,3952,4226,12730,0.189018557489956,0.317940466613033,0.48324773783321107,0.23690205011389523,0.4048238750010461
16,civil_004768_DJI_20240624111853_0248_V_11.jpg,1,P,hybrid,False,True,3698,4231,12984,0.1768278104528284,0.30051602941774,0.46638920418716107,0.22167605802661552,0.33663517992960523
16,civil_004768_DJI_20240624111853_0248_V_11.jpg,2,P,opencv,False,True,26478,3891,953,0.845348317476534,0.9161937716262976,0.871875926108861,0.9652582844227334,0.4823074253312559
16,civil_004768_DJI_20240624111853_0248_V_11.jpg,2,P,image25,False,True,26180,3862,1251,0.836608826255073,0.9110364866981017,0.8714466413687504,0.9543946629725493,0.4563758389261745
16,civil_004768_DJI_20240624111853_0248_V_11.jpg,2,P,hybrid,False,True,26440,3579,991,0.8526281844566269,0.9204525674499565,0.8807755088443986,0.9638729904123072,0.5038901782134982
16,civil_004768_DJI_20240624111853_0248_V_11.jpg,3,P,opencv,False,True,1721,461,5,0.7869227251943302,0.8807574206755373,0.7887259395050412,0.9971031286210892,0.6569871037171638
16,civil_004768_DJI_20240624111853_0248_V_11.jpg,3,P,image25,False,True,1694,405,32,0.7949319568277804,0.8857516339869281,0.8070509766555503,0.981460023174971,0.6911203862836566
16,civil_004768_DJI_20240624111853_0248_V_11.jpg,3,P,hybrid,False,True,1722,426,4,0.800185873605948,0.8890036138358286,0.8016759776536313,0.9976825028968713,0.6892372034494244
16,civil_004768_DJI_20240624111853_0248_V_11.jpg,4,P,opencv,False,True,4735,2476,914,0.5827692307692308,0.7363919129082426,0.6566356954652615,0.8382014515843512,0.5437362282702035
16,civil_004768_DJI_20240624111853_0248_V_11.jpg,4,P,image25,False,True,885,8558,4764,0.06229323572886605,0.1172806785051683,0.09372021603304034,0.1566648964418481,0.42003411505351673
16,civil_004768_DJI_20240624111853_0248_V_11.jpg,4,P,hybrid,False,True,925,8210,4724,0.06674363229670251,0.12513528138528138,0.10125889436234264,0.16374579571605594,0.40436699728034936
16,civil_004768_DJI_20240624111853_0248_V_11.jpg,5,C,opencv,False,True,350,7675,1666,0.036115983902590035,0.06971417189522956,0.04361370716510903,0.1736111111111111,0.16413513955940545
16,civil_004768_DJI_20240624111853_0248_V_11.jpg,5,C,image25,False,True,80,1271,1936,0.024338302403407362,0.04752004752004752,0.05921539600296077,0.03968253968253968,0.16306361535715008
16,civil_004768_DJI_20240624111853_0248_V_11.jpg,5,C,hybrid,False,True,22,969,1994,0.007370184254606365,0.014632524110409046,0.022199798183652877,0.010912698412698412,0.059864198185772634
16,civil_004768_DJI_20240624111853_0248_V_11.jpg,6,C,opencv,False,True,60,1149,973,0.027497708524289642,0.05352363960749331,0.04962779156327544,0.05808325266214908,0.11868362491632442
16,civil_004768_DJI_20240624111853_0248_V_11.jpg,6,C,image25,False,True,0,392,1033,0.0,0.0,0.0,0.0,0.0
16,civil_004768_DJI_20240624111853_0248_V_11.jpg,6,C,hybrid,False,True,0,674,1033,0.0,0.0,0.0,0.0,0.0
17,civil_004839_DJI_20240821105343_0720_V_8.jpg,1,C,opencv,False,True,26,5214,503,0.004527250565906321,0.009013693881088577,0.004961832061068702,0.04914933837429111,0.027855417120659434
17,civil_004839_DJI_20240821105343_0720_V_8.jpg,1,C,image25,False,True,5,489,524,0.004911591355599214,0.009775171065493646,0.010121457489878543,0.00945179584120983,0.06385431755698112
17,civil_004839_DJI_20240821105343_0720_V_8.jpg,1,C,hybrid,False,True,5,489,524,0.004911591355599214,0.009775171065493646,0.010121457489878543,0.00945179584120983,0.06385431755698112
18,civil_004995_DJI_20230905084649_0029_V_5.jpg,1,V,opencv,False,True,31017,37235,562,0.4507367686807917,0.6213901493524056,0.4544482212975444,0.982203362994395,0.3130802426270274
18,civil_004995_DJI_20230905084649_0029_V_5.jpg,1,V,image25,False,True,28687,2756,2892,0.835503130915975,0.9103805020469042,0.9123493305346182,0.908420152633079,0.6717048904021172
18,civil_004995_DJI_20230905084649_0029_V_5.jpg,1,V,hybrid,False,True,30000,1469,1579,0.9077705156136529,0.951655881233346,0.9533191394705901,0.9499984166693055,0.6279419426870114
18,civil_004995_DJI_20230905084649_0029_V_5.jpg,2,C,opencv,False,True,2101,613,957,0.5723236175429038,0.727997227997228,0.7741341193809874,0.6870503597122302,0.8354774587361549
18,civil_004995_DJI_20230905084649_0029_V_5.jpg,2,C,image25,False,True,690,784,2368,0.17959396147839668,0.30450132391879964,0.4681139755766621,0.22563767168083715,0.4850266064473411
18,civil_004995_DJI_20230905084649_0029_V_5.jpg,2,C,hybrid,False,True,1319,627,1739,0.35793758480325644,0.5271782573940847,0.6778006166495375,0.43132766514061477,0.5911174218210414
18,civil_004995_DJI_20230905084649_0029_V_5.jpg,3,D,opencv,False,True,7301,28558,2195,0.19185893729962686,0.32194906845992727,0.20360300064140105,0.7688500421229991,0.2086935899842887
18,civil_004995_DJI_20230905084649_0029_V_5.jpg,3,D,image25,False,True,1721,3220,7775,0.1353413022963196,0.23841518320980812,0.34831005869257237,0.1812342038753159,0.4681816122363346
18,civil_004995_DJI_20230905084649_0029_V_5.jpg,3,D,hybrid,False,True,1918,3108,7578,0.15217391304347827,0.2641509433962264,0.3816155988857939,0.2019797809604044,0.13624688413124053
18,civil_004995_DJI_20230905084649_0029_V_5.jpg,4,P,opencv,False,True,476,1623,0,0.22677465459742735,0.36970873786407765,0.22677465459742735,1.0,0.0
18,civil_004995_DJI_20230905084649_0029_V_5.jpg,4,P,image25,False,True,249,57,227,0.46716697936210133,0.6368286445012787,0.8137254901960784,0.523109243697479,0.47128303558245976
18,civil_004995_DJI_20230905084649_0029_V_5.jpg,4,P,hybrid,False,True,236,18,240,0.4777327935222672,0.6465753424657534,0.9291338582677166,0.4957983193277311,0.3088626854317231
18,civil_004995_DJI_20230905084649_0029_V_5.jpg,5,P,opencv,False,True,954,1624,17,0.3676300578034682,0.5376162299239222,0.3700543056633049,0.9824922760041195,0.3409512962091762
18,civil_004995_DJI_20230905084649_0029_V_5.jpg,5,P,image25,False,True,490,0,481,0.5046343975283213,0.6707734428473648,1.0,0.5046343975283213,0.37339469510867873
18,civil_004995_DJI_20230905084649_0029_V_5.jpg,5,P,hybrid,False,True,471,0,500,0.4850669412976313,0.6532593619972261,1.0,0.4850669412976313,0.3890253549273492
18,civil_004995_DJI_20230905084649_0029_V_5.jpg,6,P,opencv,False,True,17,877,0,0.01901565995525727,0.03732162458836443,0.01901565995525727,1.0,0.05617977528089887
18,civil_004995_DJI_20230905084649_0029_V_5.jpg,6,P,image25,False,True,9,101,8,0.07627118644067797,0.14173228346456693,0.08181818181818182,0.5294117647058824,0.6615384615384615
18,civil_004995_DJI_20230905084649_0029_V_5.jpg,6,P,hybrid,False,True,17,113,0,0.13076923076923078,0.23129251700680273,0.13076923076923078,1.0,0.4119850187265917
19,civil_005042_DJI_20240627104808_0411_V_14.jpg,1,M,opencv,False,True,4369,11918,2420,0.23354893889987705,0.3786618131391922,0.2682507521336035,0.6435410222418618,0.5065346034446117
19,civil_005042_DJI_20240627104808_0411_V_14.jpg,1,M,image25,False,True,2169,4199,4620,0.19739716053876957,0.329710420308581,0.34060929648241206,0.3194874060980999,0.5131354904297124
19,civil_005042_DJI_20240627104808_0411_V_14.jpg,1,M,hybrid,False,True,3005,5747,3784,0.23970963624760688,0.3867190013512644,0.34335009140767825,0.4426277802327294,0.5259678932481724
19,civil_005042_DJI_20240627104808_0411_V_14.jpg,2,D,opencv,False,True,3211,14083,1141,0.17417954976946026,0.2966829899288552,0.18567133109749046,0.7378216911764706,0.42201400265872807
19,civil_005042_DJI_20240627104808_0411_V_14.jpg,2,D,image25,False,True,2037,3042,2315,0.27549364349472544,0.43197964160746477,0.4010632014176019,0.4680606617647059,0.6559903614663134
19,civil_005042_DJI_20240627104808_0411_V_14.jpg,2,D,hybrid,False,True,2037,3042,2315,0.27549364349472544,0.43197964160746477,0.4010632014176019,0.4680606617647059,0.6559903614663134
19,civil_005042_DJI_20240627104808_0411_V_14.jpg,3,C,opencv,False,True,25,205,59,0.08650519031141868,0.1592356687898089,0.10869565217391304,0.2976190476190476,0.6591695501730105
19,civil_005042_DJI_20240627104808_0411_V_14.jpg,3,C,image25,False,True,12,91,72,0.06857142857142857,0.12834224598930483,0.11650485436893204,0.14285714285714285,0.45527217358203276
19,civil_005042_DJI_20240627104808_0411_V_14.jpg,3,C,hybrid,False,True,23,166,61,0.092,0.1684981684981685,0.12169312169312169,0.27380952380952384,0.702216725335363
20,civil_005329_DJI_20230814091833_0079_V_14.jpg,1,P,opencv,False,True,7868,2076,61,0.7864067966016991,0.8804341744530857,0.7912308930008045,0.9923067221591626,0.22841291388774124
20,civil_005329_DJI_20230814091833_0079_V_14.jpg,1,P,image25,False,True,7736,417,193,0.9269110951353942,0.9620693943539361,0.9488531828774684,0.9756589733888258,0.7975015303126834
20,civil_005329_DJI_20230814091833_0079_V_14.jpg,1,P,hybrid,False,True,7587,224,342,0.9305777014595854,0.9640406607369758,0.9713224939188324,0.9568671963677639,0.8492461360927714
20,civil_005329_DJI_20230814091833_0079_V_14.jpg,2,D,opencv,False,True,7202,4405,2247,0.519849862855493,0.684080547112462,0.6204876367709141,0.7621970578897238,0.11890849948798267
20,civil_005329_DJI_20230814091833_0079_V_14.jpg,2,D,image25,False,True,0,145,9449,0.0,0.0,0.0,0.0,0.0020387359836901123
20,civil_005329_DJI_20230814091833_0079_V_14.jpg,2,D,hybrid,False,True,0,145,9449,0.0,0.0,0.0,0.0,0.0020387359836901123
21,civil_005562_DJI_20230802073945_0074_V_28.jpg,1,C,opencv,False,True,3126,107831,677,0.028002221545407314,0.05447891251307076,0.028173076056490352,0.8219826452800421,0.1436859394971924
21,civil_005562_DJI_20230802073945_0074_V_28.jpg,1,C,image25,False,True,1373,15613,2430,0.07071487433044911,0.13208908557410168,0.08083127281290474,0.36103076518537996,0.2556561454463914
21,civil_005562_DJI_20230802073945_0074_V_28.jpg,1,C,hybrid,False,True,2067,24121,1736,0.07402234636871509,0.1378413524057217,0.07892928058652818,0.5435182750460164,0.2483156033576325
21,civil_005562_DJI_20230802073945_0074_V_28.jpg,2,D,opencv,False,True,16986,29543,7036,0.31711005320638475,0.4815240039120636,0.36506264910056097,0.7071018233286155,0.6854477013679389
21,civil_005562_DJI_20230802073945_0074_V_28.jpg,2,D,image25,False,True,13273,6800,10749,0.4306339627538771,0.6020183694296406,0.6612364868230957,0.5525351760885855,0.6614910372483582
21,civil_005562_DJI_20230802073945_0074_V_28.jpg,2,D,hybrid,False,True,16612,6756,7410,0.5397361751900708,0.701076176408525,0.7108866826429305,0.6915327616351677,0.2901684449707556
21,civil_005562_DJI_20230802073945_0074_V_28.jpg,3,D,opencv,False,True,483,5199,273,0.08110831234256927,0.1500465983224604,0.0850052798310454,0.6388888888888888,0.6018590859954578
21,civil_005562_DJI_20230802073945_0074_V_28.jpg,3,D,image25,False,True,448,260,308,0.4409448818897638,0.6120218579234973,0.632768361581921,0.5925925925925926,0.9518362730765262
21,civil_005562_DJI_20230802073945_0074_V_28.jpg,3,D,hybrid,False,True,448,260,308,0.4409448818897638,0.6120218579234973,0.632768361581921,0.5925925925925926,0.9518362730765262
21,civil_005562_DJI_20230802073945_0074_V_28.jpg,4,D,opencv,False,True,3521,3448,1045,0.43935612677813823,0.6104898136107499,0.5052374802697661,0.7711344721857205,0.644629433202234
21,civil_005562_DJI_20230802073945_0074_V_28.jpg,4,D,image25,False,True,1961,546,2605,0.38360719874804383,0.5545030397285452,0.7822098125249302,0.4294787560227771,0.7647385199883389
21,civil_005562_DJI_20230802073945_0074_V_28.jpg,4,D,hybrid,False,True,1855,378,2711,0.3752022653721683,0.5456684806589204,0.8307210031347962,0.40626368812965397,0.3687290969899666
21,civil_005562_DJI_20230802073945_0074_V_28.jpg,5,D,opencv,False,True,756,4233,1095,0.1242603550295858,0.22105263157894736,0.15153337342152737,0.40842787682333875,0.4838743932038835
21,civil_005562_DJI_20230802073945_0074_V_28.jpg,5,D,image25,False,True,190,881,1661,0.06954612005856516,0.1300479123887748,0.17740429505135388,0.10264721772015127,0.2993713927788466
21,civil_005562_DJI_20230802073945_0074_V_28.jpg,5,D,hybrid,False,True,0,784,1851,0.0,0.0,0.0,0.0,0.00385579332947754
22,civil_006001_DJI_20240612155222_0081_V_16.jpg,1,P,opencv,False,True,1488,72,11,0.9471674092934437,0.9728669499836547,0.9538461538461539,0.9926617745163442,1.0
22,civil_006001_DJI_20240612155222_0081_V_16.jpg,1,P,image25,False,True,1470,78,29,0.932149651236525,0.9648834919593042,0.9496124031007752,0.980653769179453,0.9926289926289926
22,civil_006001_DJI_20240612155222_0081_V_16.jpg,1,P,hybrid,False,True,1486,72,13,0.9458943348185869,0.9721949623814197,0.9537869062901155,0.9913275517011341,1.0
22,civil_006001_DJI_20240612155222_0081_V_16.jpg,2,P,opencv,False,True,6294,108,69,0.9726471951784886,0.9861339600470035,0.9831302717900656,0.9891560584629892,0.9968253968253968
22,civil_006001_DJI_20240612155222_0081_V_16.jpg,2,P,image25,False,True,6305,154,58,0.9674696946447752,0.9834659179535173,0.9761572998916241,0.9908848027659909,0.9968253968253968
22,civil_006001_DJI_20240612155222_0081_V_16.jpg,2,P,hybrid,False,True,6313,114,50,0.974679635633781,0.9871774824081313,0.9822623307919713,0.9921420713499921,0.9968253968253968
22,civil_006001_DJI_20240612155222_0081_V_16.jpg,3,P,opencv,False,True,69,52,0,0.5702479338842975,0.7263157894736842,0.5702479338842975,1.0,0.9425981873111782
22,civil_006001_DJI_20240612155222_0081_V_16.jpg,3,P,image25,False,True,69,66,0,0.5111111111111111,0.6764705882352942,0.5111111111111111,1.0,0.800100578325371
22,civil_006001_DJI_20240612155222_0081_V_16.jpg,3,P,hybrid,False,True,69,48,0,0.5897435897435898,0.7419354838709677,0.5897435897435898,1.0,0.9636363636363636
22,civil_006001_DJI_20240612155222_0081_V_16.jpg,4,P,opencv,False,True,7710,1001,23,0.8827570414472178,0.9377280467039649,0.885087819997704,0.9970257338678391,0.6075250258888505
22,civil_006001_DJI_20240612155222_0081_V_16.jpg,4,P,image25,False,True,7695,1231,38,0.858433734939759,0.9238249594813615,0.8620882814250505,0.995085995085995,0.4463298393134827
22,civil_006001_DJI_20240612155222_0081_V_16.jpg,4,P,hybrid,False,True,7709,1080,24,0.8747305117440145,0.9331800024210144,0.8771191261804528,0.9968964179490495,0.5601594537144646
22,civil_006001_DJI_20240612155222_0081_V_16.jpg,5,P,opencv,False,True,8811,691,47,0.9227144203581527,0.9598039215686275,0.9272784676910124,0.9946940618649808,0.7966477266056985
22,civil_006001_DJI_20240612155222_0081_V_16.jpg,5,P,image25,False,True,8472,943,386,0.864401591674319,0.9272697422426531,0.8998406797663303,0.9564235719123956,0.551757237370454
22,civil_006001_DJI_20240612155222_0081_V_16.jpg,5,P,hybrid,False,True,8806,722,52,0.9192066805845511,0.9579027520939846,0.9242233417296389,0.9941296003612554,0.7846134995047043
22,civil_006001_DJI_20240612155222_0081_V_16.jpg,6,P,opencv,False,True,779,2070,490,0.23330338424678046,0.37833899951432737,0.2734292734292734,0.6138691883372734,0.46461795690543833
22,civil_006001_DJI_20240612155222_0081_V_16.jpg,6,P,image25,False,True,781,2240,488,0.2225705329153605,0.3641025641025641,0.25852366765971535,0.6154452324665091,0.4549391655050143
22,civil_006001_DJI_20240612155222_0081_V_16.jpg,6,P,hybrid,False,True,756,1931,513,0.23625,0.3822042467138524,0.28135467063639746,0.5957446808510638,0.48357641005714597
22,civil_006001_DJI_20240612155222_0081_V_16.jpg,7,C,opencv,False,True,829,1815,1621,0.19437280187573272,0.32548095798979193,0.31354009077155826,0.3383673469387755,0.31205258535806474
22,civil_006001_DJI_20240612155222_0081_V_16.jpg,7,C,image25,False,True,879,2957,1571,0.1625670427223969,0.27966910594972955,0.22914494264859228,0.35877551020408166,0.2804441282160133
22,civil_006001_DJI_20240612155222_0081_V_16.jpg,7,C,hybrid,False,True,767,708,1683,0.2428752374920836,0.390828025477707,0.52,0.3130612244897959,0.36411954191989315
23,open_001918_istockphoto-484578825-612x612_jpg.rf.1f366a5098a2cc9aaa7de26930c58fe8.jpg,1,P,opencv,False,True,1760,29181,29157,0.029285500349429266,0.05690452326295709,0.056882453702207424,0.05692660995568781,0.3715304595912407
23,open_001918_istockphoto-484578825-612x612_jpg.rf.1f366a5098a2cc9aaa7de26930c58fe8.jpg,1,P,image25,False,True,15868,6033,15049,0.42944519621109606,0.6008557688666742,0.724533126341263,0.5132451402141217,0.6043939353717325
23,open_001918_istockphoto-484578825-612x612_jpg.rf.1f366a5098a2cc9aaa7de26930c58fe8.jpg,1,P,hybrid,False,True,15118,4407,15799,0.42798097610689617,0.5994211173228658,0.7742893725992318,0.4889866416534593,0.5899621782208295
24,open_001967_cls05_334.jpg,1,S,opencv,False,True,15031,67333,0,0.1824947792724977,0.30866060886082447,0.1824947792724977,1.0,0.019074262461851472
24,open_001967_cls05_334.jpg,1,S,image25,False,True,10531,21136,4500,0.29117703984295074,0.45102573986037947,0.33255439416427196,0.7006187213092941,0.18298007063279217
24,open_001967_cls05_334.jpg,1,S,hybrid,False,True,13438,22645,1593,0.35667268287503984,0.5258050631920804,0.3724191447496051,0.8940190273434901,0.13873282207273657
24,open_001967_cls05_334.jpg,2,D,opencv,False,True,15190,130340,12433,0.09616175939935301,0.17545176808949312,0.10437710437710437,0.5499040654527024,0.3066482895468956
24,open_001967_cls05_334.jpg,2,D,image25,False,True,9983,33919,17640,0.16221442267069644,0.27914715134568335,0.2273928294838504,0.36140173044202295,0.3509405521513066
24,open_001967_cls05_334.jpg,2,D,hybrid,False,True,8305,33954,19318,0.134871786543677,0.2376863856214762,0.1965261837715043,0.3006552510589002,0.1475036554815901
25,open_002104_cls05_238.jpg,1,S,opencv,False,True,12287,646,1542,0.8488428324697754,0.9182422838352888,0.9500502590272946,0.8884951912647335,0.6050958816302547
25,open_002104_cls05_238.jpg,1,S,image25,False,True,7633,2340,6196,0.47207619518832333,0.6413746743971095,0.7653664895217086,0.5519560344204208,0.5735848115161041
25,open_002104_cls05_238.jpg,1,S,hybrid,False,True,8173,2046,5656,0.5148346456692914,0.6797238855622089,0.7997847147470398,0.5910044110203196,0.49052436154025336
25,open_002104_cls05_238.jpg,2,S,opencv,False,False,31052,2545,1080,0.8954638521210024,0.9448493054815987,0.924249188915677,0.9663886468318188,0.38540315792895924
25,open_002104_cls05_238.jpg,2,S,image25,True,False,0,0,32132,0.0,0.0,0.0,0.0,0.0
25,open_002104_cls05_238.jpg,2,S,hybrid,True,False,0,0,32132,0.0,0.0,0.0,0.0,0.0
25,open_002104_cls05_238.jpg,3,S,opencv,False,True,141,21,21,0.7704918032786885,0.8703703703703703,0.8703703703703703,0.8703703703703703,1.0
25,open_002104_cls05_238.jpg,3,S,image25,False,True,141,33,21,0.7230769230769231,0.8392857142857143,0.8103448275862069,0.8703703703703703,0.976470588235294
25,open_002104_cls05_238.jpg,3,S,hybrid,False,True,141,24,21,0.7580645161290323,0.8623853211009175,0.8545454545454545,0.8703703703703703,0.9870129870129869
26,open_002597_cls05_394.jpg,1,S,opencv,False,True,66599,51268,60174,0.37406552423318223,0.5444653368214519,0.5650351667557502,0.5253405693641391,0.13325090592668293
26,open_002597_cls05_394.jpg,1,S,image25,False,True,71188,11602,55585,0.514457091237579,0.6793947404837686,0.8598623022104119,0.5615391289943442,0.17402627724576333
26,open_002597_cls05_394.jpg,1,S,hybrid,False,True,69980,13225,56793,0.49986428377548253,0.6665460191067636,0.8410552250465717,0.5520102861019303,0.09415757590662943
26,open_002597_cls05_394.jpg,2,C,opencv,False,True,709,16849,571,0.039108610513541836,0.07527338358636798,0.040380453354596196,0.55390625,0.12750196979428063
26,open_002597_cls05_394.jpg,2,C,image25,False,True,439,2041,841,0.13218909966877446,0.23351063829787233,0.17701612903225805,0.34296875,0.2830443754002324
26,open_002597_cls05_394.jpg,2,C,hybrid,False,True,444,813,836,0.21213569039655997,0.35001970831690976,0.3532219570405728,0.346875,0.42064031204803437
27,open_004007_istockphoto-1095690108-612x612_jpg.rf.350e9c0c4f34e155c10eeb60607b5436.jpg,1,D,opencv,False,False,12726,5803,3154,0.5869114052483513,0.7396901973320934,0.6868152625613902,0.8013853904282116,0.7993357121208877
27,open_004007_istockphoto-1095690108-612x612_jpg.rf.350e9c0c4f34e155c10eeb60607b5436.jpg,1,D,image25,True,False,0,0,15880,0.0,0.0,0.0,0.0,0.0
27,open_004007_istockphoto-1095690108-612x612_jpg.rf.350e9c0c4f34e155c10eeb60607b5436.jpg,1,D,hybrid,True,False,0,0,15880,0.0,0.0,0.0,0.0,0.0
28,open_004229_hk2126.jpg,1,S,opencv,False,True,1098410,1371441,167738,0.4164447152304624,0.5880140760208983,0.4447272325334605,0.8675210165004407,0.026660724509864432
28,open_004229_hk2126.jpg,1,S,image25,False,True,903231,824069,362917,0.43212307621648854,0.603471982810458,0.5229149539744109,0.713369211182263,0.040331131438644384
28,open_004229_hk2126.jpg,1,S,hybrid,False,True,1022103,928952,244045,0.46562935629356295,0.6353985123102273,0.5238719564543286,0.8072539703099479,0.037579805359211536
29,open_004234_cls05_315.jpg,1,C,opencv,False,True,9119,32268,3947,0.20115145365509332,0.3349310414485887,0.22033488776669002,0.6979182611357723,0.14668243627408528
29,open_004234_cls05_315.jpg,1,C,image25,False,True,11707,1955,1359,0.7793755409093935,0.8760101765938342,0.8569023569023569,0.8959895913056789,0.6731006782803641
29,open_004234_cls05_315.jpg,1,C,hybrid,False,True,3745,2575,9321,0.2394348187456045,0.38636129165377076,0.5925632911392406,0.28662176641665393,0.5475312393957588
30,open_004801_hk0012.jpg,1,S,opencv,False,False,1923336,277212,280151,0.7753201819325923,0.8734426497518752,0.8740259244515457,0.8728601530210979,0.24315945417403115
30,open_004801_hk0012.jpg,1,S,image25,True,False,0,0,2203487,0.0,0.0,0.0,0.0,0.0
30,open_004801_hk0012.jpg,1,S,hybrid,True,False,0,0,2203487,0.0,0.0,0.0,0.0,0.0
31,open_005038_cls05_362.jpg,1,S,opencv,False,True,35062,5591,676,0.8483631348447821,0.9179615399719863,0.8624701744028731,0.9810845598522581,0.3664277884795331
31,open_005038_cls05_362.jpg,1,S,image25,False,True,34565,3464,1173,0.8817152186112953,0.9371399135114618,0.9089116200794131,0.9671777939448206,0.5298394640309106
31,open_005038_cls05_362.jpg,1,S,hybrid,False,True,34753,3722,985,0.8807146477445514,0.9365744546103782,0.9032618583495776,0.9724383009681572,0.4796053591174685
31,open_005038_cls05_362.jpg,2,C,opencv,False,True,1918,4002,2608,0.224906191369606,0.3672219031208118,0.3239864864864865,0.42377375165709236,0.4747890035906181
31,open_005038_cls05_362.jpg,2,C,image25,False,True,1041,1635,3485,0.1689660769355624,0.28908636489863926,0.3890134529147982,0.23000441891294743,0.38634583740139583
31,open_005038_cls05_362.jpg,2,C,hybrid,False,True,901,977,3625,0.16372887515900417,0.28138663335415365,0.47976570820021297,0.19907202828104287,0.4339286773868154
31,open_005038_cls05_362.jpg,3,C,opencv,False,True,117,304,2000,0.048327137546468404,0.09219858156028368,0.27790973871733965,0.05526688710439301,0.26386281903030334
31,open_005038_cls05_362.jpg,3,C,image25,False,True,247,891,1870,0.08211436170212766,0.15176651305683564,0.21704745166959577,0.11667453944260746,0.4760640052314725
31,open_005038_cls05_362.jpg,3,C,hybrid,False,True,247,891,1870,0.08211436170212766,0.15176651305683564,0.21704745166959577,0.11667453944260746,0.4760640052314725
32,open_006206_hk2447.jpg,1,S,opencv,False,True,2212295,7831391,1776974,0.18715494735488544,0.3152999492979205,0.2202672405330075,0.5545614998637595,0.09369303775845464
32,open_006206_hk2447.jpg,1,S,image25,False,True,3662680,2756569,326589,0.5429540406988724,0.7037851113866547,0.5705776485691706,0.9181331216320584,0.10432142766215746
32,open_006206_hk2447.jpg,1,S,hybrid,False,True,3865894,3086624,123375,0.5463471536384171,0.7066293650205401,0.5560422856869985,0.9690732813455297,0.11722088222806401
33,open_006781_cls05_460.jpg,1,T,opencv,False,True,4514,409,3649,0.526598226784881,0.6898976004890723,0.9169205768840138,0.5529829719465883,0.2111265625708542
33,open_006781_cls05_460.jpg,1,T,image25,False,True,4821,879,3342,0.533178500331785,0.6955204501190219,0.8457894736842105,0.5905916942300625,0.438286525475752
33,open_006781_cls05_460.jpg,1,T,hybrid,False,True,7002,597,1161,0.7993150684931507,0.8884659307194518,0.9214370311883142,0.8577728776185226,0.5338851242557332
33,open_006781_cls05_460.jpg,2,T,opencv,False,True,4016,642,1577,0.6441058540497193,0.7835333138230417,0.8621726062687849,0.7180404076524227,0.38090471386527575
33,open_006781_cls05_460.jpg,2,T,image25,False,True,3948,964,1645,0.6021046210157084,0.7516420752022847,0.8037459283387622,0.7058823529411765,0.5596905176152707
33,open_006781_cls05_460.jpg,2,T,hybrid,False,True,4048,1012,1545,0.6128690386071158,0.7599737163240402,0.8,0.7237618451635973,0.292356839589715
34,open_006805_istockphoto-1071523466-612x612_jpg.rf.01d4577bbd8fded3a591a0b633a424ac.jpg,1,P,opencv,False,True,32351,14554,500,0.6824385613331927,0.81124931039671,0.6897132501865473,0.984779763173115,0.2714239366647877
34,open_006805_istockphoto-1071523466-612x612_jpg.rf.01d4577bbd8fded3a591a0b633a424ac.jpg,1,P,image25,False,True,25327,1444,7524,0.7385041551246537,0.8495857233906947,0.9460610361958836,0.7709658762290341,0.32026635949577303
34,open_006805_istockphoto-1071523466-612x612_jpg.rf.01d4577bbd8fded3a591a0b633a424ac.jpg,1,P,hybrid,False,True,26610,1533,6241,0.7739064681247092,0.8725448404761124,0.9455281952883487,0.8100210039268211,0.3633669836322045
34,open_006805_istockphoto-1071523466-612x612_jpg.rf.01d4577bbd8fded3a591a0b633a424ac.jpg,2,P,opencv,False,True,3,384,0,0.007751937984496124,0.015384615384615385,0.007751937984496124,1.0,0.17391304347826084
34,open_006805_istockphoto-1071523466-612x612_jpg.rf.01d4577bbd8fded3a591a0b633a424ac.jpg,2,P,image25,False,True,2,128,1,0.015267175572519083,0.03007518796992481,0.015384615384615385,0.6666666666666666,0.09638554216867469
34,open_006805_istockphoto-1071523466-612x612_jpg.rf.01d4577bbd8fded3a591a0b633a424ac.jpg,2,P,hybrid,False,True,0,85,3,0.0,0.0,0.0,0.0,0.0
34,open_006805_istockphoto-1071523466-612x612_jpg.rf.01d4577bbd8fded3a591a0b633a424ac.jpg,3,P,opencv,False,True,299,839,10,0.2604529616724739,0.4132688320663442,0.2627416520210896,0.9676375404530745,0.1547911547911548
34,open_006805_istockphoto-1071523466-612x612_jpg.rf.01d4577bbd8fded3a591a0b633a424ac.jpg,3,P,image25,False,True,301,67,8,0.800531914893617,0.8892171344165436,0.8179347826086957,0.9741100323624595,0.9601703940362086
34,open_006805_istockphoto-1071523466-612x612_jpg.rf.01d4577bbd8fded3a591a0b633a424ac.jpg,3,P,hybrid,False,True,294,75,15,0.765625,0.8672566371681416,0.7967479674796748,0.9514563106796117,0.9584371460928653
34,open_006805_istockphoto-1071523466-612x612_jpg.rf.01d4577bbd8fded3a591a0b633a424ac.jpg,4,P,opencv,False,True,17773,11275,1403,0.5836589931365144,0.7371018579960186,0.6118493527953732,0.9268356278681685,0.131530360545323
34,open_006805_istockphoto-1071523466-612x612_jpg.rf.01d4577bbd8fded3a591a0b633a424ac.jpg,4,P,image25,False,True,17871,2110,1305,0.8395659118669548,0.9127869857241362,0.8943996796957109,0.9319461827284106,0.4134628176134096
34,open_006805_istockphoto-1071523466-612x612_jpg.rf.01d4577bbd8fded3a591a0b633a424ac.jpg,4,P,hybrid,False,True,18164,1918,1012,0.8610979425429032,0.9253655305924907,0.9044915845035355,0.9472256987901544,0.4016480079380487
34,open_006805_istockphoto-1071523466-612x612_jpg.rf.01d4577bbd8fded3a591a0b633a424ac.jpg,5,P,opencv,False,True,715,2565,1470,0.15052631578947367,0.2616651418115279,0.21798780487804878,0.32723112128146453,0.3758007117437722
34,open_006805_istockphoto-1071523466-612x612_jpg.rf.01d4577bbd8fded3a591a0b633a424ac.jpg,5,P,image25,False,True,2026,303,159,0.8143086816720257,0.8976517501107665,0.8699012451696007,0.9272311212814646,0.7892807947572734
34,open_006805_istockphoto-1071523466-612x612_jpg.rf.01d4577bbd8fded3a591a0b633a424ac.jpg,5,P,hybrid,False,True,2132,357,53,0.8387096774193549,0.9122807017543859,0.8565689031739655,0.9757437070938215,0.7609734789391577
34,open_006805_istockphoto-1071523466-612x612_jpg.rf.01d4577bbd8fded3a591a0b633a424ac.jpg,6,P,opencv,False,True,3239,10477,4271,0.1800744982487352,0.3051917459719212,0.23614756488772237,0.4312916111850866,0.39803379835109076
34,open_006805_istockphoto-1071523466-612x612_jpg.rf.01d4577bbd8fded3a591a0b633a424ac.jpg,6,P,image25,False,True,5630,947,1880,0.6657207047416341,0.7993185206218499,0.8560133799604683,0.7496671105193076,0.5137540608600373
34,open_006805_istockphoto-1071523466-612x612_jpg.rf.01d4577bbd8fded3a591a0b633a424ac.jpg,6,P,hybrid,False,True,6482,744,1028,0.785316210322268,0.8797502714440825,0.8970384721837807,0.863115845539281,0.549604389940986
35,open_007203_419.png,1,S,opencv,False,True,387258,396400,14803,0.4850055293871586,0.6532036679854164,0.4941670984026195,0.9631822036954591,0.08967318616839098
35,open_007203_419.png,1,S,image25,False,True,88952,68377,313109,0.1890833648642329,0.31803214215484726,0.5653884534955412,0.22124006058782125,0.3464257944349401
35,open_007203_419.png,1,S,hybrid,False,True,88952,68377,313109,0.1890833648642329,0.31803214215484726,0.5653884534955412,0.22124006058782125,0.3464257944349401
36,open_007219_cls03_079.jpg,1,C,opencv,False,True,1357,1556,2628,0.24490164230283343,0.3934473760510293,0.46584277377274286,0.34052697616060223,0.6538159260022381
36,open_007219_cls03_079.jpg,1,C,image25,False,True,2956,1389,1029,0.550055824339412,0.7097238895558223,0.6803222094361335,0.7417816813048933,0.7060774653970935
36,open_007219_cls03_079.jpg,1,C,hybrid,False,True,2956,1389,1029,0.550055824339412,0.7097238895558223,0.6803222094361335,0.7417816813048933,0.7060774653970935
37,open_007238_520.png,1,L,opencv,False,True,5417,631270,121903,0.007140879790136965,0.014180498346219341,0.008508105238523796,0.04254633993088282,0.31460002910269713
37,open_007238_520.png,1,L,image25,False,True,92592,40317,34728,0.5523362980726212,0.7116193813910057,0.696657111256574,0.7272384542884072,0.46048359739901773
37,open_007238_520.png,1,L,hybrid,False,True,119429,66071,7891,0.6175520060395778,0.7635637107601816,0.643822102425876,0.9380223060006283,0.3529990742099012
38,open_007254_cls05_112.jpg,1,S,opencv,False,True,50134,676,15120,0.7604125587744578,0.8639026743865453,0.9866955323755167,0.7682900665093327,0.23791140954096907
38,open_007254_cls05_112.jpg,1,S,image25,False,True,39814,5844,25440,0.5599876227179387,0.7179385458742066,0.8720049060405625,0.6101388420633218,0.28954991014002357
38,open_007254_cls05_112.jpg,1,S,hybrid,False,True,40530,5408,24724,0.5735756134839093,0.7290092812432549,0.8822761112804214,0.6211113494958164,0.34626758187761086
38,open_007254_cls05_112.jpg,2,C,opencv,False,True,306,978,26,0.233587786259542,0.3787128712871287,0.2383177570093458,0.9216867469879518,0.5527544351073762
38,open_007254_cls05_112.jpg,2,C,image25,False,True,34,70,298,0.0845771144278607,0.1559633027522936,0.3269230769230769,0.10240963855421686,0.5039145907473309
38,open_007254_cls05_112.jpg,2,C,hybrid,False,True,34,70,298,0.0845771144278607,0.1559633027522936,0.3269230769230769,0.10240963855421686,0.5039145907473309
38,open_007254_cls05_112.jpg,3,R,opencv,False,True,1021,6416,15483,0.04454624781849913,0.08529301198780335,0.1372865402716149,0.0618637905962191,0.23318471873385166
38,open_007254_cls05_112.jpg,3,R,image25,False,True,2348,3708,14156,0.11616861270532357,0.20815602836879432,0.38771466314398945,0.14226854095976732,0.319222319671184
38,open_007254_cls05_112.jpg,3,R,hybrid,False,True,1330,3497,15174,0.06649667516624169,0.12470113918709859,0.2755334576341413,0.0805865244789142,0.18801394236910782
38,open_007254_cls05_112.jpg,4,L,opencv,False,True,6377,7414,2356,0.3949340434755682,0.5662404546261766,0.46240301646001014,0.7302187106378106,0.29515442654701435
38,open_007254_cls05_112.jpg,4,L,image25,False,True,3809,3123,4924,0.32127192982456143,0.4863070539419087,0.5494806693594922,0.4361616855605176,0.38333050959019904
38,open_007254_cls05_112.jpg,4,L,hybrid,False,True,5139,2790,3594,0.4459776099973965,0.6168527187612531,0.6481271282633371,0.5884575747165922,0.2348004608934878
39,open_007460_cls05_068.jpg,1,S,opencv,False,False,52152,53781,1098,0.4872607001709785,0.655245849117054,0.49231117781994277,0.9793802816901408,0.3615787398895583
39,open_007460_cls05_068.jpg,1,S,image25,True,False,0,0,53250,0.0,0.0,0.0,0.0,0.0
39,open_007460_cls05_068.jpg,1,S,hybrid,True,False,0,0,53250,0.0,0.0,0.0,0.0,0.0
40,open_007464_cls03_435.jpg,1,P,opencv,False,True,300,525,36498,0.008037939072421832,0.015947691571645006,0.36363636363636365,0.008152616990053808,0.029996934115979756
40,open_007464_cls03_435.jpg,1,P,image25,False,True,30327,22611,6471,0.5104782103721658,0.6759160203262905,0.5728777059956931,0.8241480515245394,0.5381904248610174
40,open_007464_cls03_435.jpg,1,P,hybrid,False,True,31520,23897,5278,0.5193179009803114,0.6836198015507239,0.5687785336629554,0.8565682917549867,0.47707167187107485
41,open_007478_540.png,1,S,opencv,False,True,16369,18281,11320,0.35608005220796174,0.5251608142575274,0.4724098124098124,0.5911733901549352,0.4102926058337041
41,open_007478_540.png,1,S,image25,False,True,15054,2798,12635,0.49378423590382786,0.66111855251312,0.8432668608559265,0.5436816064140995,0.42551111956935467
41,open_007478_540.png,1,S,hybrid,False,True,21528,1801,6161,0.7300101729399796,0.8439374338468776,0.9227999485618757,0.7774928672035827,0.5638833947822931
41,open_007478_540.png,2,S,opencv,False,True,36735,111961,276,0.2465899632145638,0.3956232129106603,0.24704766772475387,0.9925427575585637,0.02540259611491651
41,open_007478_540.png,2,S,image25,False,True,23858,10094,13153,0.5064855110922407,0.6724067471781069,0.7026979264844486,0.644619167274594,0.4836346434502541
41,open_007478_540.png,2,S,hybrid,False,True,14201,2509,22810,0.35933704453441295,0.5286945514789375,0.8498503889886295,0.3836967388073816,0.23710292042344314
41,open_007478_540.png,3,D,opencv,False,True,88745,151875,39229,0.31711744547952647,0.4815325263026528,0.3688180533621478,0.693461171800522,0.1504793331770383
41,open_007478_540.png,3,D,image25,False,True,26713,40587,101261,0.15847675322286886,0.27359505105646426,0.396924219910847,0.20873771234782065,0.1613132091623129
41,open_007478_540.png,3,D,hybrid,False,True,1429,27621,126545,0.009184099746135802,0.018201039331567147,0.04919104991394148,0.011166330660915498,0.027780008332302035
41,open_007478_540.png,4,D,opencv,False,True,3478,7062,1509,0.28865466013777075,0.44799381722161397,0.32998102466793167,0.6974132745137357,0.31219689522311883
41,open_007478_540.png,4,D,image25,False,True,38,406,4949,0.007046170962358613,0.013993739642791382,0.08558558558558559,0.007619811509925807,0.04449247951004233
41,open_007478_540.png,4,D,hybrid,False,True,20,878,4967,0.0034100596760443308,0.006796941376380629,0.022271714922048998,0.0040104271104872665,0.02233234004084776
42,open_007493_cls05_102.jpg,1,S,opencv,False,True,27817,51849,24,0.34906512736855316,0.5174918842493977,0.34917028594381544,0.9991379619984915,0.3214959491294938
42,open_007493_cls05_102.jpg,1,S,image25,False,True,26475,1460,1366,0.9035527797686086,0.9493330464716007,0.9477358152854841,0.9509356704141374,0.586728102570218
42,open_007493_cls05_102.jpg,1,S,hybrid,False,True,27349,1645,492,0.9275249270840399,0.9623999296208322,0.9432641236117818,0.9823282209690744,0.6747456957022475
43,open_007770_cls03_054.jpg,1,P,opencv,False,True,48220,1532,323,0.9629555666500249,0.9811282364311511,0.9692072680495256,0.9933461055146983,0.8310825559905118
43,open_007770_cls03_054.jpg,1,P,image25,False,True,45397,5968,3146,0.8328043881051531,0.908776073988069,0.8838119341964372,0.9351914797190121,0.22049995087150723
43,open_007770_cls03_054.jpg,1,P,hybrid,False,True,48370,5561,173,0.894018926511903,0.9440443429552862,0.8968867627153214,0.9964361493933214,0.6273137006082352
44,open_007900_097.png,1,S,opencv,False,True,105366,768662,1086,0.12040259897567632,0.2149273825065274,0.12055220198895229,0.9897982189155676,0.02618479762313364
44,open_007900_097.png,1,S,image25,False,True,73212,6663,33240,0.6472351147062724,0.7858442415752951,0.9165821596244131,0.6877465900123999,0.37507034834232156
44,open_007900_097.png,1,S,hybrid,False,True,72918,3693,33534,0.6620182486722048,0.7966437783713803,0.9517954340760465,0.6849847818735204,0.4689216107157241
45,open_007964_cls03_313.jpg,1,P,opencv,False,True,77593,108894,500,0.41496467668875375,0.5865371532239776,0.41607726007710993,0.9935973774858182,0.12497341039377362
45,open_007964_cls03_313.jpg,1,P,image25,False,True,70672,25552,7421,0.6818659848521396,0.8108446106805418,0.7344529431326904,0.9049722766445136,0.4104852198939985
45,open_007964_cls03_313.jpg,1,P,hybrid,False,True,70631,29818,7462,0.6545301220450186,0.791197589362727,0.7031528437316449,0.9044472615983506,0.219879816655747
46,open_008133_cls03_398.jpg,1,P,opencv,False,True,5006,359,81,0.9192067572530297,0.9579027937236892,0.933084808946878,0.9840770591704344,0.8910631314319164
46,open_008133_cls03_398.jpg,1,P,image25,False,True,5024,254,63,0.9406478187605317,0.9694163048721659,0.9518757104964002,0.9876154904658935,0.959124738484755
46,open_008133_cls03_398.jpg,1,P,hybrid,False,True,5010,354,77,0.9207866201065981,0.9587599272796862,0.9340044742729307,0.984863377236092,0.9037830099126998
47,open_008175_hk1696.jpg,1,C,opencv,False,True,52026,32439,144140,0.22758032413989196,0.37077870940844027,0.6159474338483395,0.265214155358217,0.19122655653028903
47,open_008175_hk1696.jpg,1,C,image25,False,True,8611,138133,187555,0.025758377978994853,0.05022309060686477,0.05868042304966472,0.04389649582496457,0.053364171130528534
47,open_008175_hk1696.jpg,1,C,hybrid,False,True,8611,138133,187555,0.025758377978994853,0.05022309060686477,0.05868042304966472,0.04389649582496457,0.053364171130528534
48,open_008267_cls05_439.jpg,1,S,opencv,False,True,26618,2340,492,0.9038370118845501,0.9494899051152172,0.9191933144554182,0.9818517152342309,0.6467189005302001
48,open_008267_cls05_439.jpg,1,S,image25,False,True,16881,3701,10229,0.5478887410340463,0.7079174704352932,0.8201826838985521,0.6226853559572113,0.32483892415583593
48,open_008267_cls05_439.jpg,1,S,hybrid,False,True,21322,3405,5788,0.6987383254137309,0.8226556320774736,0.862296275326566,0.7864994466986351,0.3776086948191464
49,open_008279_cls03_168.jpg,1,P,opencv,False,True,9176,905,319,0.8823076923076923,0.9374744585206375,0.9102271600039679,0.9664033701948394,0.8049780256045835
49,open_008279_cls03_168.jpg,1,P,image25,False,True,9230,820,265,0.894813378574891,0.9444870810949092,0.918407960199005,0.9720905739863086,0.8582592516022328
49,open_008279_cls03_168.jpg,1,P,hybrid,False,True,9317,969,178,0.8903860856269113,0.9420150649613265,0.9057942834921252,0.9812532912058979,0.8256310096153846
